image_name,tags
train_1,Beyonce
train_2,Beyonce
train_3,Beyonce
train_4,Beyonce
train_5,Beyonce
train_6,Beyonce
train_7,Beyonce
train_8,Beyonce
train_9,Beyonce
train_10,Beyonce
train_11,Rihanna
train_12,Rihanna
train_13,Rihanna
train_14,Rihanna
train_15,Rihanna
train_16,Rihanna
train_17,Rihanna
train_18,Rihanna
train_19,Rihanna
train_20,Rihanna
train_21,The Weeknd
train_22,The Weeknd
train_23,The Weeknd
train_24,The Weeknd
train_25,The Weeknd
train_26,The Weeknd
train_27,The Weeknd
train_28,The Weeknd
train_29,The Weeknd
train_30,The Weeknd
train_31,Drake
train_32,Drake
train_33,Drake
train_34,Drake
train_35,Drake
train_36,Drake
train_37,Drake
train_38,Drake
train_39,Drake
train_40,Drake
train_41,Meg The Stallion
train_42,Meg The Stallion
train_43,Meg The Stallion
train_44,Meg The Stallion
train_45,Meg The Stallion
train_46,Meg The Stallion
train_47,Meg The Stallion
train_48,Meg The Stallion
train_49,Meg The Stallion
train_50,Meg The Stallion
train_51,Beyonce
train_52,Beyonce
train_53,Beyonce
train_54,Beyonce
train_55,Beyonce
train_56,Beyonce
train_57,Beyonce
train_58,Beyonce
train_59,Beyonce
train_60,Beyonce
train_61,Beyonce
train_62,Beyonce
train_63,Beyonce
train_64,Beyonce
train_65,Beyonce
train_66,Beyonce
train_67,Beyonce
train_68,Beyonce
train_69,Beyonce
train_70,Beyonce
train_71,Rihanna
train_72,Rihanna
train_73,Rihanna
train_74,Rihanna
train_75,Rihanna
train_76,Rihanna
train_77,Rihanna
train_78,Rihanna
train_79,Rihanna
train_80,Rihanna
train_81,Rihanna
train_82,Rihanna
train_83,Rihanna
train_84,Rihanna
train_85,Rihanna
train_86,Rihanna
train_87,Rihanna
train_88,Rihanna
train_89,Rihanna
train_90,Rihanna
train_91,The Weeknd
train_92,The Weeknd
train_93,The Weeknd
train_94,The Weeknd
train_95,The Weeknd
train_96,The Weeknd
train_97,The Weeknd
train_98,The Weeknd
train_99,The Weeknd
train_100,The Weeknd
train_101,The Weeknd
train_102,The Weeknd
train_103,The Weeknd
train_104,The Weeknd
train_105,The Weeknd
train_106,The Weeknd
train_107,The Weeknd
train_108,The Weeknd
train_109,The Weeknd
train_110,The Weeknd
train_111,Drake
train_112,Drake
train_113,Drake
train_114,Drake
train_115,Drake
train_116,Drake
train_117,Drake
train_118,Drake
train_119,Drake
train_120,Drake
train_121,Drake
train_122,Drake
train_123,Drake
train_124,Drake
train_125,Drake
train_126,Drake
train_127,Drake
train_128,Drake
train_129,Drake
train_130,Drake
train_131,Meg The Stallion
train_132,Meg The Stallion
train_133,Meg The Stallion
train_134,Meg The Stallion
train_135,Meg The Stallion
train_136,Meg The Stallion
train_137,Meg The Stallion
train_138,Meg The Stallion
train_139,Meg The Stallion
train_140,Meg The Stallion
train_141,Meg The Stallion
train_142,Meg The Stallion
train_143,Meg The Stallion
train_144,Meg The Stallion
train_145,Meg The Stallion
train_146,Meg The Stallion
train_147,Meg The Stallion
train_148,Meg The Stallion
train_149,Meg The Stallion
train_150,Meg The Stallion
